repo_full_name,repo_id,package_name,ecosystem,category,criticality_tier
pandas-dev/pandas,858127,pandas,pydata,dataframe,tier_1
numpy/numpy,908607,numpy,pydata,array,tier_1
apache/arrow,51905353,pyarrow,pydata,columnar,tier_1
pola-rs/polars,263727855,polars,pydata,dataframe,tier_2
duckdb/duckdb,138754790,duckdb,pydata,engine,tier_2
dask/dask,28782747,dask,pydata,distributed,tier_3
scikit-learn/scikit-learn,843222,scikit-learn,ml,classical-ml,tier_1
scipy/scipy,1460385,scipy,pydata,scientific,tier_1
statsmodels/statsmodels,1885237,statsmodels,ml,statistics,tier_3
dmlc/xgboost,16587283,xgboost,ml,boosting,tier_2
lightgbm-org/LightGBM,64991887,lightgbm,ml,boosting,tier_2
optuna/optuna,122299416,optuna,ml,tuning,tier_3
mlflow/mlflow,136202695,mlflow,mlops,tracking,tier_2
apache/airflow,33884891,apache-airflow,orchestration,scheduler,tier_1
dagster-io/dagster,131619646,dagster,orchestration,scheduler,tier_2
PrefectHQ/prefect,139199684,prefect,orchestration,scheduler,tier_3
dbt-labs/dbt,53548867,dbt-core,transformation,elt,tier_1
sqlfluff/sqlfluff,155790228,sqlfluff,transformation,linting,tier_3
ibis-project/ibis,34139230,ibis-framework,transformation,dataframe,tier_3
fivetran/great_expectations,103071520,great-expectations,quality,testing,tier_2
apache/superset,39464018,apache-superset,bi,dashboard,tier_2
streamlit/streamlit,204086862,streamlit,bi,app,tier_2
plotly/plotly.py,14579099,plotly,viz,charting,tier_2
matplotlib/matplotlib,1385122,matplotlib,viz,charting,tier_1
mwaskom/seaborn,4704710,seaborn,viz,charting,tier_3
sqlalchemy/sqlalchemy,159271175,sqlalchemy,database,orm,tier_1
snowflakedb/snowflake-connector-python,62262074,snowflake-connector-python,database,driver,tier_2
googleapis/python-bigquery,226992475,google-cloud-bigquery,database,driver,tier_2
pydantic/pydantic,90194616,pydantic,core,validation,tier_1
psf/requests,1362490,requests,core,http,tier_1
