repo,month,archive_pr_events,api_prs_opened,captured_pct
pandas-dev/pandas,2025-10,259,327,79.2
pandas-dev/pandas,2025-11,163,219,74.4
pandas-dev/pandas,2025-12,232,207,112.1
pandas-dev/pandas,2026-01,303,365,83.0
pandas-dev/pandas,2026-02,214,297,72.1
pandas-dev/pandas,2026-03,205,543,37.8
pandas-dev/pandas,2026-04,173,407,42.5
pandas-dev/pandas,2026-05,76,288,26.4
pandas-dev/pandas,2026-06,16,280,5.7
pandas-dev/pandas,2026-07,5,365,1.4
pandas-dev/pandas,2026-08,10,378,2.6
apache/airflow,2025-10,1205,1088,110.8
apache/airflow,2025-11,1225,1000,122.5
apache/airflow,2025-12,1351,882,153.2
apache/airflow,2026-01,1398,1018,137.3
apache/airflow,2026-02,1294,1083,119.5
apache/airflow,2026-03,1103,1592,69.3
apache/airflow,2026-04,721,1360,53.0
apache/airflow,2026-05,497,1382,36.0
apache/airflow,2026-06,127,1174,10.8
apache/airflow,2026-07,42,1490,2.8
apache/airflow,2026-08,73,1297,5.6
