repo_full_name,criticality_tier,score_as_built,bus_factor_score,maintainer_activity_score,response_time_score,unresponded_score,bug_backlog_score,contributor_retention_score,score_balanced,tier_balanced,rank_balanced,score_reliability,tier_reliability,rank_reliability,score_community,tier_community,rank_community,tier_stable,rank_spread
dagster-io/dagster,tier_2,23.1,0.5862068965517241,0.27586206896551724,0.0,0.13793103448275862,0.10344827586206896,0.2413793103448276,23.103448275862064,critical,30,17.586206896551722,critical,30,31.206896551724135,critical,25,True,5
dask/dask,tier_3,26.6,0.20689655172413793,0.06896551724137931,0.034482758620689655,0.10344827586206896,0.41379310344827586,0.8620689655172413,26.551724137931032,critical,29,19.482758620689655,critical,29,28.620689655172416,critical,28,True,1
ibis-project/ibis,tier_3,28.1,0.20689655172413793,0.1724137931034483,0.13793103448275862,0.41379310344827586,0.3448275862068966,0.4827586206896552,28.103448275862064,critical,28,26.55172413793104,critical,26,27.413793103448274,critical,30,True,4
dbt-labs/dbt,tier_1,28.6,0.5862068965517241,0.41379310344827586,0.06896551724137931,0.20689655172413793,0.3103448275862069,0.10344827586206896,28.62068965517241,critical,27,25.86206896551724,critical,28,34.310344827586206,at_risk,21,False,7
pandas-dev/pandas,tier_1,29.1,0.20689655172413793,0.8620689655172413,0.13793103448275862,0.4827586206896552,0.0,0.13793103448275862,29.137931034482754,critical,26,26.20689655172414,critical,27,36.72413793103448,at_risk,20,False,7
PrefectHQ/prefect,tier_3,34.8,0.0,0.5862068965517241,0.6551724137931034,0.5862068965517241,0.20689655172413793,0.06896551724137931,34.827586206896555,critical,25,41.72413793103448,critical,23,29.48275862068965,critical,27,True,4
snowflakedb/snowflake-connector-python,tier_2,35.0,0.20689655172413793,0.20689655172413793,0.3793103448275862,0.0,0.5172413793103449,0.8275862068965517,35.0,critical,24,31.034482758620683,critical,25,34.310344827586206,at_risk,21,False,4
streamlit/streamlit,tier_2,37.6,0.20689655172413793,0.3103448275862069,0.6896551724137931,0.2413793103448276,0.7241379310344828,0.034482758620689655,37.58620689655173,critical,23,46.37931034482759,at_risk,17,27.58620689655173,critical,29,False,12
fivetran/great_expectations,tier_2,38.8,0.20689655172413793,0.4827586206896552,0.10344827586206896,0.3448275862068966,0.5517241379310345,0.7931034482758621,38.793103448275865,at_risk,22,32.931034482758626,critical,24,41.379310344827594,at_risk,18,False,6
pydantic/pydantic,tier_1,39.5,0.0,0.5172413793103449,0.5517241379310345,0.3103448275862069,0.7241379310344828,0.3448275862068966,39.48275862068965,at_risk,21,44.13793103448276,at_risk,20,32.06896551724138,critical,24,False,4
mwaskom/seaborn,tier_3,42.6,0.0,0.06896551724137931,0.8620689655172413,0.034482758620689655,0.6206896551724138,0.9655172413793104,42.58620689655173,at_risk,20,44.48275862068966,at_risk,19,33.10344827586207,critical,23,False,4
psf/requests,tier_1,42.8,0.0,0.034482758620689655,0.896551724137931,0.27586206896551724,0.5862068965517241,0.7586206896551724,42.758620689655174,at_risk,19,48.275862068965516,at_risk,16,30.6896551724138,critical,26,False,10
pola-rs/polars,tier_2,44.0,0.5862068965517241,0.6896551724137931,0.4482758620689655,0.5517241379310345,0.034482758620689655,0.27586206896551724,43.96551724137932,at_risk,18,42.241379310344826,at_risk,21,50.51724137931035,stable,12,False,9
lightgbm-org/LightGBM,tier_2,44.7,0.20689655172413793,0.2413793103448276,0.3448275862068966,0.8275862068965517,0.4482758620689655,0.7241379310344828,44.6551724137931,at_risk,17,45.0,at_risk,18,40.689655172413794,at_risk,19,True,2
mlflow/mlflow,tier_2,48.4,0.5862068965517241,0.9310344827586207,0.6206896551724138,0.5172413793103449,0.1724137931034483,0.0,48.44827586206897,at_risk,16,50.51724137931034,stable,14,53.103448275862064,stable,11,False,5
plotly/plotly.py,tier_2,48.8,0.5172413793103449,0.3793103448275862,0.9655172413793104,0.06896551724137931,0.27586206896551724,0.5517241379310345,48.79310344827587,stable,15,50.172413793103445,stable,15,47.758620689655174,stable,15,True,0
sqlfluff/sqlfluff,tier_3,49.5,0.9655172413793104,0.7586206896551724,0.2413793103448276,0.1724137931034483,0.3793103448275862,0.3793103448275862,49.48275862068965,stable,14,42.241379310344826,at_risk,21,61.55172413793104,healthy,7,False,14
statsmodels/statsmodels,tier_3,52.1,0.0,0.6551724137931034,0.7931034482758621,0.3793103448275862,0.7241379310344828,0.6551724137931034,52.06896551724138,stable,13,55.68965517241379,stable,10,44.827586206896555,at_risk,17,False,7
dmlc/xgboost,tier_2,53.4,0.0,0.4482758620689655,0.5517241379310345,0.8620689655172413,0.6206896551724138,0.896551724137931,53.44827586206896,stable,12,55.172413793103445,stable,11,46.37931034482759,at_risk,16,False,5
scikit-learn/scikit-learn,tier_1,54.5,0.8620689655172413,0.6206896551724138,0.41379310344827586,0.7586206896551724,0.2413793103448276,0.3103448275862069,54.482758620689665,stable,11,53.103448275862064,stable,13,60.517241379310335,stable,9,True,4
numpy/numpy,tier_1,58.3,0.20689655172413793,0.7241379310344828,0.7931034482758621,0.896551724137931,0.7241379310344828,0.20689655172413793,58.27586206896551,stable,10,67.58620689655174,healthy,3,48.96551724137931,stable,14,False,11
apache/arrow,tier_1,59.8,0.7931034482758621,0.8275862068965517,0.5172413793103449,0.7241379310344828,0.06896551724137931,0.6206896551724138,59.82758620689654,stable,9,54.655172413793096,stable,12,69.65517241379311,healthy,3,False,9
apache/superset,tier_2,60.5,0.8620689655172413,0.9655172413793104,0.27586206896551724,0.6551724137931034,0.7241379310344828,0.1724137931034483,60.51724137931035,healthy,8,59.31034482758621,healthy,7,66.37931034482759,healthy,5,True,3
optuna/optuna,tier_3,61.9,0.7241379310344828,0.3103448275862069,0.27586206896551724,0.9310344827586207,0.6206896551724138,0.9310344827586207,61.89655172413793,healthy,7,57.931034482758626,healthy,8,63.275862068965516,healthy,6,True,2
scipy/scipy,tier_1,62.2,0.7241379310344828,0.7931034482758621,0.7586206896551724,0.7931034482758621,0.13793103448275862,0.4482758620689655,62.241379310344826,healthy,6,62.41379310344828,healthy,6,66.72413793103449,healthy,4,True,2
apache/airflow,tier_1,62.9,1.0,1.0,0.20689655172413793,0.4482758620689655,0.7241379310344828,0.41379310344827586,62.93103448275862,healthy,5,56.72413793103449,stable,9,73.44827586206897,healthy,1,False,8
matplotlib/matplotlib,tier_1,64.0,0.5172413793103449,0.5517241379310345,0.6896551724137931,0.6896551724137931,0.7241379310344828,0.6896551724137931,63.96551724137931,healthy,4,65.6896551724138,healthy,4,60.51724137931036,healthy,8,True,4
googleapis/python-bigquery,tier_2,64.3,0.20689655172413793,0.0,0.9655172413793104,1.0,0.7241379310344828,1.0,64.3103448275862,healthy,3,71.55172413793105,healthy,1,49.48275862068966,stable,13,False,12
sqlalchemy/sqlalchemy,tier_1,65.9,0.7931034482758621,0.13793103448275862,0.896551724137931,0.9655172413793104,0.4482758620689655,0.5862068965517241,65.86206896551725,healthy,2,71.37931034482759,healthy,2,59.827586206896555,stable,10,False,8
duckdb/duckdb,tier_2,67.6,0.8620689655172413,0.896551724137931,0.4482758620689655,0.6206896551724138,0.7241379310344828,0.5172413793103449,67.58620689655173,healthy,1,64.82758620689656,healthy,5,72.93103448275862,healthy,2,True,4
